version,dataLabel,fileExtension,fileLabel,topSubDirectory,fileSubDirectory1,fileSubDirectory2,fileSubDirectory3,fileSubDirectory4,fileSubDirectory5,fileSubDirectory6,fileSubDirectory7,fileSubDirectory8,datasetGroupPath,objectDependent,dateDependent,dimensionInfo,period,countOfFilesPerDim1,countOfFilesPerDim2,dateFieldName,dateFieldType,dateInFileName,dateAttributePath,fieldForVarNameWithinFile,fieldForVarTypeWithinFile,webRelativeFilePath,webRelativeFilePathInJson,isAncillary,root,comment,comment2
,0,,"Label part of the filename. {objectName} is replace by the name of the object, region, or by the id of th subdivision. {platform} is replaced by 'Terra'. {thisDate} is replaced by the formatted date for the records within the file, being day, or month; NB: gap files contain 3 months, but the filename only contain the middle month; the stat files aggregate all the stats per subdivision and the filename doesn't have a date. {version} is replaced by v006, although the version of the modis data is v6.1.
NB: Don't use the text '65535' (max('uint16')) or '*' in filenames or name of subfolders.",,,o,"For data directories, this may be used to indicate the version of collection: {versionOfDataCollection}","For some labels, there are a lot of objects (e.g. regional stats for subdivisions). The fileSubDirectory3 allow to spread them in subfolders. When used, {objectName_1000} is replaced by the id of the subdivision / 1000, floored.",,,,,Only used for .h5 file,"1: the file depends on an object, region, tile, or subdivision.","1: the file depends on a date, this is typical of data files, except for subdivision regional stats","11: 1 dim row: row*column (reshaped matrix with on row with each pixel correspond to a column). 20: 2 dim: pixel row x column (only one day here). 21: 2 dim: pixel day x row*column (reshaped matrix with each pixel corresponding to a column of days), 30: pixel row x column x day.","1: 1 day only. It can be a specific day or 1 representative day with an average of data. 2: 1 month. It contains a varying number of days, 28, 29, 30, 31. 3: 3 months. It contains a varying number of days, up to 92. 4: 1 calendar year, from Jan 1st to Dec 31, contains 365 or 366 days. 5: 1 waterYear, for northern hemisphere, from 10/1 to 9/30, for southern hemisphere, from 4/1 to 3/31 or others, contains 365 or 366 days.","1. for most. But if we have one file per cell (way of split a raster in squares), here is the total of cells on the row dimension (dim 1), the total of files is countOfFilesPerDim1 * countOfFilesPerDim2","1. for most. But if we have one file per cell (way of split a raster in squares), here is the total of cells on the column dimension (dim 2)",,,,Only used for .h5 file,Field in configuration_of_variables.csv that indicates the variable name which is within the file (may be different than the variable name in the filepath). ,,FilePath in the nusnow ingest platform to put the files for ingestion by snow-today website.,"Relative filepath indicated in the .json file, that will be used by the snow-today web-app.","1: is ancillary data only handling of versionOfAncillary. 2. is ancillary data but no handling of versionOfAncillary. 0: is nrt/historic data, only handling of the version indicated in modisData.versionOf.(dataLabel)
[WARNING]: this value should be the same for all versions of the dataLabel.",Root directory where the file is. 1: archive or scratch. 2: daac.,,
v3.2,albedolookup,.mat,SnowAlbedo_SanJuanDust_BlackCarbon,modis,input_spires_from_Jeff_202404,,,,,,,,,0,0,,1,1,1,,,,,,,,,1,1,lookup table having values for albedo precalculated,
v3.2,aspect,.tif,{objectName}_aspect_gmted_med075,modis_ancillary,{versionOfAncillary},aspect,,,,,,,,1,0,20,1,1,1,,,,,,,,,1,1,,
v3.2,backgroundreflectance,.mat,{objectName}_background_mod09ga_v061_2019_nedcode,modis_ancillary,{versionOfAncillary},backgroundreflectance,2019,,,,,,,1,0,,1,1,1,,,,,,,,,1,1,,
v3.2,canopyheight,.tif,{objectName}_canopyheight_simard_pinto_2011,modis_ancillary,{versionOfAncillary},canopyheight,,,,,,,,1,0,20,1,1,1,,,,,,,,,1,1,,
v3.2,cloudsnowneuralnetwork,.mat,modis_convolutional_cloud_timbo_2021,modis_ancillary,{versionOfAncillary},cloud,,,,,,,,0,0,,1,1,1,,,,,,,,,1,1,,
v3.2,elevation,.tif,{objectName}_elevation_gmted_med075,modis_ancillary,{versionOfAncillary},elevation,,,,,,,,1,0,20,1,1,1,,,,,,,,,1,1,,
v3.2,falsepositive,.tif,{objectName}_stc_false_positive_manual_20230920,modis_ancillary,{versionOfAncillary},falsepositive,,,,,,,,1,0,20,1,1,1,,,,,,,,,1,1,,
v3.2,ice,.tif,{objectName}_ice_rgi60_202309,modis_ancillary,{versionOfAncillary},ice,,,,,,,,1,0,20,1,1,1,,,,,,,,,1,1,,
v3.2,land,.tif,{objectName}_land_mod44_50,modis_ancillary,{versionOfAncillary},land,,,,,,,,1,0,20,1,1,1,,,,,,,,,1,1,,
v3.2,landsubdivisionidpertileandtype,.csv,landsubdivisionid_per_tile_and_type_2023,modis_ancillary,{versionOfAncillary},landsubdivision,,,,,,,,0,0,,1,1,1,,,,,,,,,1,1,,
v3.2,landsubdivisionadm0,.tif,{objectName}_geoboundaries_202309_adm0,modis_ancillary,{versionOfAncillary},landsubdivision,adm0,,,,,,,1,0,20,1,1,1,,,,,,,,,1,1,,
v3.2,landsubdivisionadm1,.tif,{objectName}_geoboundaries_202309_adm1,modis_ancillary,{versionOfAncillary},landsubdivision,adm1,,,,,,,1,0,20,1,1,1,,,,,,,,,1,1,,
v3.2,landsubdivisionadm0part,.tif,{objectName}_geoboundaries_202309_adm0part,modis_ancillary,{versionOfAncillary},landsubdivision,adm0part,,,,,,,1,0,20,1,1,1,,,,,,,,,1,1,,
v3.2,landsubdivisionadm1part,.tif,{objectName}_geoboundaries_202309_adm1part,modis_ancillary,{versionOfAncillary},landsubdivision,adm1part,,,,,,,1,0,20,1,1,1,,,,,,,,,1,1,,
v3.2,landsubdivisiongroup0,.tif,{objectName}_geoboundaries_202309_group0,modis_ancillary,{versionOfAncillary},landsubdivision,group0,,,,,,,1,0,20,1,1,1,,,,,,,,,1,1,,
v3.2,landsubdivisiongroupadm0,.tif,{objectName}_geoboundaries_202309_groupadm0,modis_ancillary,{versionOfAncillary},landsubdivision,groupadm0,,,,,,,1,0,20,1,1,1,,,,,,,,,1,1,,
v3.2,landsubdivisionhuc2,.tif,{objectName}_usgs_wbd_202309_huc2,modis_ancillary,{versionOfAncillary},landsubdivision,huc2,,,,,,,1,0,20,1,1,1,,,,,,,,,1,1,,
v3.2,landsubdivisionhuc4,.tif,{objectName}_usgs_wbd_202309_huc4,modis_ancillary,{versionOfAncillary},landsubdivision,huc4,,,,,,,1,0,20,1,1,1,,,,,,,,,1,1,,
v3.2,landsubdivisionhuc6,.tif,{objectName}_usgs_wbd_202309_huc6,modis_ancillary,{versionOfAncillary},landsubdivision,huc6,,,,,,,1,0,20,1,1,1,,,,,,,,,1,1,,
v3.2,landsubdivisionhydrolevel3,.tif,{objectName}_hydrosheds_v1_202309_level3,modis_ancillary,{versionOfAncillary},landsubdivision,hydrolevel3,,,,,,,1,0,20,1,1,1,,,,,,,,,1,1,,
v3.2,landsubdivisionhydrolevel4,.tif,{objectName}_hydrosheds_v1_202309_level4,modis_ancillary,{versionOfAncillary},landsubdivision,hydrolevel4,,,,,,,1,0,20,1,1,1,,,,,,,,,1,1,,
v3.2,landsubdivisionhydrolevel5,.tif,{objectName}_hydrosheds_v1_202309_level5,modis_ancillary,{versionOfAncillary},landsubdivision,hydrolevel5,,,,,,,1,0,20,1,1,1,,,,,,,,,1,1,,
v3.2,landsubdivisionshapeingeojson,.geojson,{objectId}_subdivision_shape_202309,modis_ancillary,{versionOfAncillary},landsubdivision,shape,{objectId_1000},,,,,,1,0,,1,1,1,,,,,,,snow-surface-properties/shapes/{objectId}.geojson,regions/shapes/{objectId}.geojson,1,1,1 file per subdivision. ObjectName is the subdivisionId,snow-surface-properties/shapes/{objectName}.geojson
v3.2,landsubdivisioninjson,.json,{objectId}_subdivisions_202309,modis_ancillary,{versionOfAncillary},landsubdivision,metadata,,,,,,,1,0,,1,1,1,,,,,,,snow-surface-properties/regions/{objectId}.json,regions/{objectId}.json,1,1,"1 file per root subdivision, which flatly list all the descendant subdivisions . ObjectName is the id of the root subdivision.",snow-surface-properties/regions/{objectName}.json
v3.2,landsubdivisionlinkinjson,.json,{objectId}_subdivision_links_202309,modis_ancillary,{versionOfAncillary},landsubdivision,metadata,,,,,,,0,0,,1,1,1,,,,,,,snow-surface-properties/regions/{objectId}_hierarchy.json,regions/{objectId}_hierarchy.json,1,1,"1 file per root subdivision, which presents the hierarchy of the descendant subdivisions . ObjectName is the id of the root subdivision.",snow-surface-properties/regions/{objectName}_hierarchy.json
v3.2,landsubdivisionlinkvisualization,.json,subdivision_links_visualization_202309,modis_ancillary,conf,landsubdivision,,,,,,,,0,0,,1,1,1,,,,,,,,,2,1,"Just for visualization of the hierarchy, no use in the app.",
v3.2,landsubdivisiontypeinjson,.json,subdivision_types_202309,modis_ancillary,conf,landsubdivision,,,,,,,,0,0,,1,1,1,,,,,,,snow-surface-properties/regions/collections.json,regions/collections.json,2,1,1 file only. No difference between versions,snow-surface-properties/regions/categories.json
v3.2,landsubdivisionrootinjson,.json,subdivision_roots_202309,modis_ancillary,conf,landsubdivision,,,,,,,,0,0,,1,1,1,,,,,,,snow-surface-properties/regions/root.json,regions/root.json,2,1,"1 file only. No difference between versions because the file should contain ALL root subdivisions (westernUS, Alaska, AMAndes...)",snow-surface-properties/regions/root.json
v3.2,radiativelookup,.mat,Darkening_RadiativeForcing_SanJuanDust_BlackCarbon,modis,input_spires_from_Jeff_202404,,,,,,,,,0,0,,1,1,1,,,,,,,,,1,1,lookup table having values for darkening and radiative forcing precalculated,
v3.2,region,.mat,,modis_ancillary,{versionOfAncillary},region,,,,,,,,1,0,20,1,1,1,,,,,,,,,1,1,,
v3.2,reprojectioncoordinates,.mat,{objectName}_modissinu_coord_to_reproject_{EPSGCode}_202309,modis_ancillary,{versionOfAncillary},reprojectioncoordinates,,,,,,,,1,0,20,1,1,1,,,,,,,,,1,1,,
v3.2,slope,.tif,{objectName}_slope_gmted_med075,modis_ancillary,{versionOfAncillary},slope,,,,,,,,1,0,20,1,1,1,,,,,,,,,1,1,,
v3.2,spiresmodelformodis,.mat,lut_modis_b1to7_3um_dust_2023,modis_ancillary,{versionOfAncillary},spiresmodel,,,,,,,,0,0,,1,1,1,,,,,,,,,1,1,,
v3.2,water,.tif,{objectName}_water_mod44_50,modis_ancillary,{versionOfAncillary},water,,,,,,,,1,0,20,1,1,1,,,,,,,,,1,1,,
v3.2,webingestrigger,,TRIGGER,modis_ancillary,{versionOfAncillary},espWebExport,,,,,,,,0,0,,1,1,1,,,,,,,snow-surface-properties/TRIGGER,TRIGGER,1,1,1 file to create in web-app to launch web-app ingest. No file in our backend,snow-surface-properties/TRIGGER_TEST
v3.2,webvariableconfinjson,.json,webvariable_conf,modis_ancillary,conf,variable,,,,,,,,0,0,,1,1,1,,,,,,,snow-surface-properties/variables.json,variables.json,1,1,Stored in github,snow-surface-properties/variables.json
v3.1,albedolookup,.mat,SnowAlbedo_SanJuanDust_BlackCarbon,modis,input_spires_from_Jeff_202404,,,,,,,,,0,0,,1,1,1,,,,,,,,,1,1,lookup table having values for albedo precalculated,
v3.1,aspect,.mat,{objectName}_Aspect,modis_ancillary,{versionOfAncillary},aspect,,,,,,,,1,0,20,1,1,1,,,,,,,,,1,1,,
v3.1,backgroundreflectance,.mat,{objectName}_background_mod09ga_v061_2019_nedcode,modis_ancillary,{versionOfAncillary},backgroundreflectance,2019,,,,,,,1,0,,1,1,1,,,,,,,,,1,1,,
v3.1,backgroundreflectancened,.mat,{objectName}R0,modis,input_spires_from_Ned_202311,Inputs,MODIS,R0,,,,,,1,0,,1,1,1,,,,,,,,,1,1,,
v3.1,canopycover,.mat,cc_{objectName},modis,input_spires_from_Ned_202311,Inputs,MODIS,cc,,,,,,1,0,,1,1,1,,,,,,,,,1,1,,
v3.1,canopyheight,.mat,{objectName}_CanopyHeight,modis_ancillary,{versionOfAncillary},canopyheight,,,,,,,,1,0,20,1,1,1,,,,,,,,,1,1,,
v3.1,cloudsnowneuralnetwork,.mat,net,modis,input_spires_from_Ned_202311,Inputs,MODIS,cloudsnowneuralnetwork,,,,,,0,0,,1,1,1,,,,,,,,,1,1,,
v3.1,elevation,.mat,{objectName}_dem,modis_ancillary,{versionOfAncillary},elevation,,,,,,,,1,0,20,1,1,1,,,,,,,,,1,1,,
v3.1,elevationned,.mat,{objectName}elevation,modis,input_spires_from_Ned_202311,Inputs,MODIS,elevation,,,,,,1,0,20,1,1,1,,,,,,,,,1,1,,
v3.1,falsepositive,.tif,{objectName}_stc_false_positive_manual_20230920,modis_ancillary,{versionOfAncillary},falsepositive,,,,,,,,1,0,20,1,1,1,,,,,,,,,1,1,,
v3.1,ice,.tif,{objectName},modis,input_spires_from_Ned_202311,Inputs,MODIS,fice,,,,,,1,0,20,1,1,1,,,,,,,,,1,1,,
v3.1,icened,.mat,{objectName},modis,input_spires_from_Ned_202311,Inputs,MODIS,fice,,,,,,1,0,20,1,1,1,,,,,,,,,1,1,,
v3.1,land,.mat,{objectName}_MOD44_50_landmask_463m_sinusoidal,modis_ancillary,{versionOfAncillary},land,,,,,,,,1,0,20,1,1,1,,,,,,,,,1,1,,
v3.1,landsubdivisionidpertileandtype,.csv,landsubdivisionid_per_tile_and_type_2023,modis_ancillary,{versionOfAncillary},landsubdivision,,,,,,,,0,0,,1,1,1,,,,,,,,,1,1,,
v3.1,landsubdivisionadm0,.tif,{objectName}_geoboundaries_202309_adm0,modis_ancillary,{versionOfAncillary},landsubdivision,adm0,,,,,,,1,0,20,1,1,1,,,,,,,,,1,1,,
v3.1,landsubdivisionadm1,.tif,{objectName}_geoboundaries_202309_adm1,modis_ancillary,{versionOfAncillary},landsubdivision,adm1,,,,,,,1,0,20,1,1,1,,,,,,,,,1,1,,
v3.1,landsubdivisionadm0part,.tif,{objectName}_geoboundaries_202309_adm0part,modis_ancillary,{versionOfAncillary},landsubdivision,adm0part,,,,,,,1,0,20,1,1,1,,,,,,,,,1,1,,
v3.1,landsubdivisionadm1part,.tif,{objectName}_geoboundaries_202309_adm1part,modis_ancillary,{versionOfAncillary},landsubdivision,adm1part,,,,,,,1,0,20,1,1,1,,,,,,,,,1,1,,
v3.1,landsubdivisiongroup0,.tif,{objectName}_geoboundaries_202309_group0,modis_ancillary,{versionOfAncillary},landsubdivision,group0,,,,,,,1,0,20,1,1,1,,,,,,,,,1,1,,
v3.1,landsubdivisiongroupadm0,.tif,{objectName}_geoboundaries_202309_groupadm0,modis_ancillary,{versionOfAncillary},landsubdivision,groupadm0,,,,,,,1,0,20,1,1,1,,,,,,,,,1,1,,
v3.1,landsubdivisionhuc2,.tif,{objectName}_usgs_wbd_202309_huc2,modis_ancillary,{versionOfAncillary},landsubdivision,huc2,,,,,,,1,0,20,1,1,1,,,,,,,,,1,1,,
v3.1,landsubdivisionhuc4,.tif,{objectName}_usgs_wbd_202309_huc4,modis_ancillary,{versionOfAncillary},landsubdivision,huc4,,,,,,,1,0,20,1,1,1,,,,,,,,,1,1,,
v3.1,landsubdivisionhuc6,.tif,{objectName}_usgs_wbd_202309_huc6,modis_ancillary,{versionOfAncillary},landsubdivision,huc6,,,,,,,1,0,20,1,1,1,,,,,,,,,1,1,,
v3.1,landsubdivisionhydrolevel3,.tif,{objectName}_hydrosheds_v1_202309_level3,modis_ancillary,{versionOfAncillary},landsubdivision,hydrolevel3,,,,,,,1,0,20,1,1,1,,,,,,,,,1,1,,
v3.1,landsubdivisionhydrolevel4,.tif,{objectName}_hydrosheds_v1_202309_level4,modis_ancillary,{versionOfAncillary},landsubdivision,hydrolevel4,,,,,,,1,0,20,1,1,1,,,,,,,,,1,1,,
v3.1,landsubdivisionhydrolevel5,.tif,{objectName}_hydrosheds_v1_202309_level5,modis_ancillary,{versionOfAncillary},landsubdivision,hydrolevel5,,,,,,,1,0,20,1,1,1,,,,,,,,,1,1,,
v3.1,landsubdivisionshapeingeojson,.geojson,{objectId}_subdivision_shape_202309,modis_ancillary,{versionOfAncillary},landsubdivision,shape,{objectId_1000},,,,,,1,0,,1,1,1,,,,,,,snow-surface-properties/shapes/{objectId}.geojson,regions/shapes/{objectId}.geojson,1,1,1 file per subdivision. ObjectName is the subdivisionId,snow-surface-properties/shapes/{objectName}
v3.1,landsubdivisioninjson,.json,{objectId}_subdivisions_202309,modis_ancillary,{versionOfAncillary},landsubdivision,metadata,,,,,,,1,0,,1,1,1,,,,,,,snow-surface-properties/regions/{objectId}.json,regions/{objectId}.json,1,1,"1 file per root subdivision, which flatly list all the descendant subdivisions . ObjectName is the id of the root subdivision.",snow-surface-properties/regions/{objectName}
v3.1,landsubdivisionlinkinjson,.json,{objectId}_subdivision_links_202309,modis_ancillary,{versionOfAncillary},landsubdivision,metadata,,,,,,,1,0,,1,1,1,,,,,,,snow-surface-properties/regions/{objectId}_hierarchy.json,regions/{objectId}_hierarchy.json,1,1,"1 file per root subdivision, which presents the hierarchy of the descendant subdivisions . ObjectName is the id of the root subdivision.",snow-surface-properties/regions/{objectName}_hierarchy
v3.1,landsubdivisionlinkvisualization,.json,subdivision_links_visualization_202309,modis_ancillary,conf,landsubdivision,,,,,,,,0,0,,1,1,1,,,,,,,,,2,1,"Just for visualization of the hierarchy, no use in the app.",
v3.1,landsubdivisiontypeinjson,.json,subdivision_types_202309,modis_ancillary,conf,landsubdivision,,,,,,,,0,0,,1,1,1,,,,,,,snow-surface-properties/regions/collections.json,regions/collections.json,2,1,1 file only. No difference between versions,snow-surface-properties/regions/categories
v3.1,landsubdivisionrootinjson,.json,subdivision_roots_202309,modis_ancillary,conf,landsubdivision,,,,,,,,0,0,,1,1,1,,,,,,,snow-surface-properties/regions/root.json,regions/root.json,2,1,"1 file only. No difference between versions because the file should contain ALL root subdivisions (westernUS, Alaska, AMAndes, etc)",snow-surface-properties/regions/root
v3.1,radiativelookup,.mat,Darkening_RadiativeForcing_SanJuanDust_BlackCarbon,modis,input_spires_from_Jeff_202404,,,,,,,,,0,0,,1,1,1,,,,,,,,,1,1,lookup table having values for darkening and radiative forcing precalculated,
v3.1,region,.mat,,modis_ancillary,{versionOfAncillary},region,,,,,,,,1,0,20,1,1,1,,,,,,,,,1,1,,
v3.1,reprojectioncoordinates,.mat,{objectName}_modissinu_coord_to_reproject_{EPSGCode}_202309,modis_ancillary,{versionOfAncillary},reprojectioncoordinates,,,,,,,,1,0,20,1,1,1,,,,,,,,,1,1,,
v3.1,slope,.mat,{objectName}_Slope,modis_ancillary,{versionOfAncillary},slope,,,,,,,,1,0,20,1,1,1,,,,,,,,,1,1,,
v3.1,spiresmodelformodis,.mat,lut_modis_b1to7_3um_dust_2023,modis_ancillary,{versionOfAncillary},spiresmodel,,,,,,,,0,0,,1,1,1,,,,,,,,,1,1,,
v3.1,spiresmodelformodisned,.mat,lut_modis_b1to7_3um_dust,modis,input_spires_from_Ned_202311,Sierra,ExampleData,,,,,,,0,0,,1,1,1,,,,,,,,,1,1,,
v3.1,water,.mat,{objectName}_MOD44_50_watermask_463m_sinusoidal,modis_ancillary,{versionOfAncillary},water,,,,,,,,1,0,20,1,1,1,,,,,,,,,1,1,,
v3.1,waterned,.mat,{objectName}watermask,modis,input_spires_from_Ned_202311,Inputs,MODIS,watermask,,,,,,1,0,20,1,1,1,,,,,,,,,1,1,,
v3.1,webingestrigger,,TRIGGER,modis_ancillary,{versionOfAncillary},espWebExport,,,,,,,,0,0,,1,1,1,,,,,,,snow-surface-properties/TRIGGER,TRIGGER,1,1,1 file to create in web-app to launch web-app ingest. No file in our backend,snow-surface-properties/TRIGGER_TEST
v3.1,webvariableconfinjson,.json,webvariable_conf,modis_ancillary,conf,variable,,,,,,,,0,0,,1,1,1,,,,,,,snow-surface-properties/variables.json,variables.json,1,1,Stored in github,snow-surface-properties/variables
test,albedolookup,.mat,SnowAlbedo_SanJuanDust_BlackCarbon,modis,input_spires_from_Jeff_202404,,,,,,,,,0,0,,1,1,1,,,,,,,,,1,1,lookup table having values for albedo precalculated,
test,aspect,.mat,{objectName}_aspect_gmted_med075,modis_ancillary,{versionOfAncillary},aspect,,,,,,,,1,0,20,1,1,1,,,,,,,,,1,1,,
test,backgroundreflectance,.mat,{objectName}_background_mod09ga_v061_2019_nedcode,modis_ancillary,{versionOfAncillary},backgroundreflectance,2019,,,,,,,1,0,,1,1,1,,,,,,,,,1,1,,
test,canopyheight,.mat,{objectName}_canopyheight_simard_pinto_2011,modis_ancillary,{versionOfAncillary},canopyheight,,,,,,,,1,0,20,1,1,1,,,,,,,,,1,1,,
test,cloudsnowneuralnetwork,.mat,modis_convolutional_cloud_timbo_2021,modis_ancillary,{versionOfAncillary},cloud,,,,,,,,0,0,,1,1,1,,,,,,,,,1,1,,
test,elevation,.mat,{objectName}_elevation_gmted_med075,modis_ancillary,{versionOfAncillary},elevation,,,,,,,,1,0,20,1,1,1,,,,,,,,,1,1,,
test,falsepositive,.tif,{objectName}_stc_false_positive_manual_20230920,modis_ancillary,{versionOfAncillary},falsepositive,,,,,,,,1,0,20,1,1,1,,,,,,,,,1,1,,
test,ice,.tif,{objectName}_ice_rgi60_202309,modis_ancillary,{versionOfAncillary},ice,,,,,,,,1,0,20,1,1,1,,,,,,,,,1,1,,
test,land,.mat,{objectName}_land_mod44_50,modis_ancillary,{versionOfAncillary},land,,,,,,,,1,0,20,1,1,1,,,,,,,,,1,1,,
test,landsubdivisionidpertileandtype,.csv,landsubdivisionid_per_tile_and_type_2023,modis_ancillary,{versionOfAncillary},landsubdivision,,,,,,,,0,0,,1,1,1,,,,,,,,,1,1,,
test,landsubdivisionadm0,.tif,{objectName}_geoboundaries_202309_adm0,modis_ancillary,{versionOfAncillary},landsubdivision,adm0,,,,,,,1,0,20,1,1,1,,,,,,,,,1,1,,
test,landsubdivisionadm1,.tif,{objectName}_geoboundaries_202309_adm1,modis_ancillary,{versionOfAncillary},landsubdivision,adm1,,,,,,,1,0,20,1,1,1,,,,,,,,,1,1,,
test,landsubdivisionadm0part,.tif,{objectName}_geoboundaries_202309_adm0part,modis_ancillary,{versionOfAncillary},landsubdivision,adm0part,,,,,,,1,0,20,1,1,1,,,,,,,,,1,1,,
test,landsubdivisionadm1part,.tif,{objectName}_geoboundaries_202309_adm1part,modis_ancillary,{versionOfAncillary},landsubdivision,adm1part,,,,,,,1,0,20,1,1,1,,,,,,,,,1,1,,
test,landsubdivisiongroup0,.tif,{objectName}_geoboundaries_202309_group0,modis_ancillary,{versionOfAncillary},landsubdivision,group0,,,,,,,1,0,20,1,1,1,,,,,,,,,1,1,,
test,landsubdivisiongroupadm0,.tif,{objectName}_geoboundaries_202309_groupadm0,modis_ancillary,{versionOfAncillary},landsubdivision,groupadm0,,,,,,,1,0,20,1,1,1,,,,,,,,,1,1,,
test,landsubdivisionhuc2,.tif,{objectName}_usgs_wbd_202309_huc2,modis_ancillary,{versionOfAncillary},landsubdivision,huc2,,,,,,,1,0,20,1,1,1,,,,,,,,,1,1,,
test,landsubdivisionhuc4,.tif,{objectName}_usgs_wbd_202309_huc4,modis_ancillary,{versionOfAncillary},landsubdivision,huc4,,,,,,,1,0,20,1,1,1,,,,,,,,,1,1,,
test,landsubdivisionhuc6,.tif,{objectName}_usgs_wbd_202309_huc6,modis_ancillary,{versionOfAncillary},landsubdivision,huc6,,,,,,,1,0,20,1,1,1,,,,,,,,,1,1,,
test,landsubdivisionhydrolevel3,.tif,{objectName}_hydrosheds_v1_202309_level3,modis_ancillary,{versionOfAncillary},landsubdivision,hydrolevel3,,,,,,,1,0,20,1,1,1,,,,,,,,,1,1,,
test,landsubdivisionhydrolevel4,.tif,{objectName}_hydrosheds_v1_202309_level4,modis_ancillary,{versionOfAncillary},landsubdivision,hydrolevel4,,,,,,,1,0,20,1,1,1,,,,,,,,,1,1,,
test,landsubdivisionhydrolevel5,.tif,{objectName}_hydrosheds_v1_202309_level5,modis_ancillary,{versionOfAncillary},landsubdivision,hydrolevel5,,,,,,,1,0,20,1,1,1,,,,,,,,,1,1,,
test,landsubdivisionshapeingeojson,.geojson,{objectId}_subdivision_shape_202309,modis_ancillary,{versionOfAncillary},landsubdivision,shape,{objectId_1000},,,,,,1,0,,1,1,1,,,,,,,snow-surface-properties/shapes/{objectId}.geojson,regions/shapes/{objectId}.geojson,1,1,1 file per subdivision. ObjectName is the subdivisionId,snow-surface-properties/shapes/{objectName}
test,landsubdivisioninjson,.json,{objectId}_subdivisions_202309,modis_ancillary,{versionOfAncillary},landsubdivision,metadata,,,,,,,1,0,,1,1,1,,,,,,,snow-surface-properties/regions/{objectId}.json,regions/{objectId}.json,1,1,"1 file per root subdivision, which flatly list all the descendant subdivisions . ObjectName is the id of the root subdivision.",snow-surface-properties/regions/{objectName}
test,landsubdivisionlinkinjson,.json,{objectId}_subdivision_links_202309,modis_ancillary,{versionOfAncillary},landsubdivision,metadata,,,,,,,1,0,,1,1,1,,,,,,,snow-surface-properties/regions/{objectId}_hierarchy.json,regions/{objectId}_hierarchy.json,1,1,"1 file per root subdivision, which presents the hierarchy of the descendant subdivisions . ObjectName is the id of the root subdivision.",snow-surface-properties/regions/{objectName}_hierarchy
test,landsubdivisionlinkvisualization,.json,subdivision_links_visualization_202309,modis_ancillary,conf,landsubdivision,,,,,,,,0,0,,1,1,1,,,,,,,,,2,1,"Just for visualization of the hierarchy, no use in the app.",
test,landsubdivisiontypeinjson,.json,subdivision_types_202309,modis_ancillary,conf,landsubdivision,,,,,,,,0,0,,1,1,1,,,,,,,snow-surface-properties/regions/collections.json,regions/collections.json,2,1,1 file only. No difference between versions,snow-surface-properties/regions/categories
test,landsubdivisionrootinjson,.json,subdivision_roots_202309,modis_ancillary,conf,landsubdivision,,,,,,,,0,0,,1,1,1,,,,,,,snow-surface-properties/regions/root.json,regions/root.json,2,1,"1 file only. No difference between versions because the file should contain ALL root subdivisions (westernUS, Alaska, AMAndes, etc)",snow-surface-properties/regions/root
test,radiativelookup,.mat,Darkening_RadiativeForcing_SanJuanDust_BlackCarbon,modis,input_spires_from_Jeff_202404,,,,,,,,,0,0,,1,1,1,,,,,,,,,1,1,lookup table having values for darkening and radiative forcing precalculated,
test,region,.mat,,modis_ancillary,{versionOfAncillary},region,,,,,,,,1,0,20,1,1,1,,,,,,,,,1,1,,
test,reprojectioncoordinates,.mat,{objectName}_modissinu_coord_to_reproject_{EPSGCode}_202309,modis_ancillary,{versionOfAncillary},reprojectioncoordinates,,,,,,,,1,0,20,1,1,1,,,,,,,,,1,1,,
test,slope,.mat,{objectName}_slope_gmted_med075,modis_ancillary,{versionOfAncillary},slope,,,,,,,,1,0,20,1,1,1,,,,,,,,,1,1,,
test,spiresmodelformodis,.mat,lut_modis_b1to7_3um_dust_2023,modis_ancillary,{versionOfAncillary},spiresmodel,,,,,,,,0,0,,1,1,1,,,,,,,,,1,1,,
test,water,.mat,{objectName}_water_mod44_50,modis_ancillary,{versionOfAncillary},water,,,,,,,,1,0,20,1,1,1,,,,,,,,,1,1,,
test,webingestrigger,,TRIGGER,modis_ancillary,{versionOfAncillary},espWebExport,,,,,,,,0,0,,1,1,1,,,,,,,snow-surface-properties/TRIGGER,TRIGGER,1,1,1 file to create in web-app to launch web-app ingest. No file in our backend,snow-surface-properties/TRIGGER_TEST
test,webvariableconfinjson,.json,webvariable_conf,modis_ancillary,conf,variable,,,,,,,,0,0,,1,1,1,,,,,,,snow-surface-properties/variables.json,variables.json,1,1,Stored in github,snow-surface-properties/variables
v3.1,mod09ga,.hdf,MOD09GA.A{thisDate}.{objectName}.061.{timestampAndNrt},modis,input,mod09ga,{versionOfDataCollection},{objectName},{thisYear},,,,,1,1,20,1,1,1,,yyyyJD,yyyyJD,,mod09ga_name,,,,0,1,,
v3.1,mod09gasqueezed,.mat,MOD09GA.A{thisDate}.{objectName}.061.{timestampAndNrt},modis,input,mod09gasqueezed,{versionOfDataCollection},{objectName},{thisYear},,,,,1,1,11,1,1,1,,yyyyJD,yyyyJD,,name_unique,,,,0,1,,
v3.1,modisspiresdaily,.mat,spires_daily_{platform}_{objectName}_{thisDate}.{version},modis,intermediary,spires_daily_{version},{versionOfDataCollection},{objectName},{thisYear},,,,,1,1,20,1,1,1,thisDate,datetime,yyyyMMdd,,,,,,0,1,,
v3.1,modisspiresyeartmp,.mat,spires_year_tmp_{platform}_{objectName}_{thisIndex}_{varId}_{thisWaterYear}.{version},modis,intermediary,spires_year_tmp_{version},{versionOfDataCollection},{objectName},WY{thisWaterYear},{thisIndex_1M},{thisIndex_1000},{thisIndex},,1,1,21,5,1,1,,,,,,,,,0,1,Temporary file after interpolation by pixel to avoid multiprocess access to write the same file.,
v3.1,modisspirescube,.mat,spires_cube_{platform}_{objectName}_{thisDate}_{varId}_{thisIndex}.{version},modis,intermediary,spires_cube_{version},{versionOfDataCollection},{objectName},{thisYear},,,,,1,1,30,2,1,1,theseDates,datetime,yyyyMM,,,,,,0,1,,
v3.1,modisspiresmat,.mat,spires_{platform}_{objectName}_{thisWaterYear}.{version},modis,intermediary,spires_mat_{version},{versionOfDataCollection},{objectName},,,,,,1,1,21,5,1,1,theseDates,datetime,yyyy,,name_unique,,,,0,1,,
v3.1,modisspiressmooth,.h5,spiressmooth_{objectName}_{thisWaterYear}.{version},modis,intermediary,spiressmooth_{version},{versionOfDataCollection},{objectName},,,,,/Grid/MODIS_GRID_500m/,1,1,30,5,1,1,ISOdates,yyyyJD,yyyy,/,spires_output_name,,,,0,1,JD: julian day number,
v3.1,modisspiressmoothbycell,.h5,spiressmooth_{objectName}_{thisWaterYear}_{rowStartId}_{rowEndId}_{columnStartId}_{columnEndId}.{version},modis,intermediary,spiressmooth_{version},{versionOfDataCollection},{objectName},,,,,/Grid/MODIS_GRID_500m/,1,1,30,5,6,6,ISOdates,yyyyJD,yyyy,/,name_unique,,,,0,1,JD: julian day number,
v3.1,mod09gaInDaac,.hdf,,,,,,,,,,,,,,20,1,1,1,,,,,,,,,0,2,,
v3.1,scagDrfsUnMaskedTifInDaac,.tif,,,,,,,,,,,,,,20,1,1,1,,,,,,,,,0,2,,
v3.1,mod09gaFromJPL,.hdf,MOD09GA.A{thisDate}.{objectName}.{versionNumberOfDataCollection}.{dateOfHistoric}.hdf,modis,mog09ga,{nearRealTime},{versionOfDataCollection},{objectName},{thisYear},,,,,1,1,20,1,1,1,,,yyyyJD,,,,,,0,1,JD: julian day number,
v3.1,modScagDatFromJPL,.dat,MOD09GA.A{thisDate}.{objectName}.{versionNumberOfDataCollection}.{dateOfHistoric}.{modis_source_name},modis,modscag,{nearRealTime},{versionOfDataCollection},{objectName},{thisYear},,,,,1,1,20,1,1,1,,,yyyyJD,,,,,,0,1,JD: julian day number,
v3.1,modDrfsDatFromJPL,.dat,MOD09GA.A{thisDate}.{objectName}.{versionNumberOfDataCollection}.{dateOfHistoric}.{modis_source_name},modis,moddrfs,{nearRealTime},{versionOfDataCollection},{objectName},{thisYear},,,,,1,1,20,1,1,1,,,yyyyJD,,,,,,0,1,JD: julian day number,
v3.1,MOD09Raw,.mat,RawMOD09_{platform}_{objectName}_{thisDate},modis,intermediary,mod09_raw_{version},{versionOfDataCollection},{objectName},{thisYear},,,,,1,1,30,2,1,1,umdays,datetime,yyyyMM,,raw_name,type,,,0,1,,
v3.1,SCAGDRFSRaw,.mat,RawSCAG_{platform}_{objectName}_{thisDate}.{version},modis,intermediary,scagdrfs_raw_{version},{versionOfDataCollection},{objectName},{thisYear},,,,,1,1,30,2,1,1,usdays,datetime,yyyyMM,,raw_name,type,,,0,1,,
v3.1,SCAGDRFSGap,.mat,GapSCAG_{platform}_{objectName}_{thisDate}.{version},modis,intermediary,scagdrfs_gap_{version},{versionOfDataCollection},{objectName},{thisYear},,,,,1,1,30,3,1,1,datevals,datenum,yyyyMM,,gap_name,type_in_STC,,,0,1,,
v3.1,SCAGDRFSSTC,.mat,InterpSCAG_{platform}_{objectName}_{thisDate}.{version},modis,intermediary,scagdrfs_stc_{version},{versionOfDataCollection},{objectName},{thisYear},,,,,1,1,30,2,1,1,datevals,datenum,yyyyMM,,name_unique,type_in_STC,,,0,1,,
v3.1,VariablesMatlab,.mat,{objectName}_{platform}_{thisDate}.{version},modis,variables,scagdrfs_mat_{version},{versionOfDataCollection},{objectName},{thisYear},,,,,1,1,20,1,1,1,dateval,datenum,yyyyMMdd,,name_unique,type,,,0,1,,
v3.1,daacnetcdfv20220,.nc,HMA2_MODSTC_{objectName}_{thisDate}_v01.0,modis_archive,hma2_modstc_{version},{objectName},{thisYear},,,,,,,1,1,20,1,1,1,dateval,daySinceStart,yyyyMMdd,,name_unique,type,,,0,1,,
v3.1,VariablesNetCDF,.nc,{objectName}_{platform}_{thisDate}.{version},modis,variables,scagdrfs_netcdf_{version},{versionOfDataCollection},{objectName},{thisYear},,,,,1,1,20,1,1,1,dateval,daySinceStart,yyyyMMdd,,name_unique,type,,,0,1,,
v3.1,VariablesGeotiff,.tif,{objectName}_{platform}_{thisDate}_{varName},modis,variables,scagdrfs_geotiff_{version},{versionOfDataCollection},{objectName},{EPSGCode},{geotiffCompression},{thisYear},{thisDate},,1,1,20,1,1,1,,,yyyyMMdd,,name_unique,type,snow-surface-properties/geotiffs/{objectId}_{varId}.tif,regions/cogs/{objectId}_{varId}.tif,0,1,,snow-surface-properties/geotiffs/{objectName}_{varId}.tif
v3.1,VariablesGeotiffv20231,.tif,{objectName}_{platform}_{thisDate}_{varName},modis,variables,scagdrfs_geotiff_{version},{versionOfDataCollection},{objectName},{EPSGCode},{geotiffCompression},{thisYear},{thisDate},,1,1,20,1,1,1,,,yyyyMMdd,,name_unique,type,snow-surface-properties/tif/{objectName}_{platform}_{thisDate}_{varName}.tif,,0,1,Kept for compatibility with the v2023.1 web-app. To remove when v2024 website launched,
v3.1,SubdivisionStatsAggregCsv,.csv,{objectId}_{platform}.{version},modis,subdivisionstats,scagdrfs_aggregcsv_{version},{versionOfDataCollection},{objectId_1000},,,,,,1,0,,5,1,1,,,,,,,,,0,1,,
v3.1,SubdivisionStatsDailyCsv,.csv,{objectId}_{platform}_{thisDate}_{monthWindow}.{version},modis,subdivisionstats,scagdrfs_dailycsv_{version},{versionOfDataCollection},{objectId_1000},{thisYear},,,,,1,1,,5,1,1,,,yyyyMMdd,,,,,,0,1,"Rather than year, its waterYear which is used here",
v3.1,SubdivisionStatsWebCsvv20231,.csv,SnowToday_{objectModCode}_{varName}_{thisDate}_yearToDate,modis,regional_stats,scagdrfs_csv_{version},{versionOfDataCollection},{sourceRegionName},WY{thisYear},,,,,1,1,,5,1,1,,,yyyy,,,,snow-surface-properties/plot_csv/SnowToday_{objectModCode}_{varName}_{thisDate}_yearToDate.csv,,0,1,"Rather than year, its waterYear which is used here",
v3.1,SubdivisionStatsWebJson,.json,{objectId}_{platform}_{thisYear}_{varId}.{version},modis,subdivisionstats,scagdrfs_webjson_{version},{versionOfDataCollection},{objectId_1000},{objectId},{thisYear},,,,1,1,,5,1,1,,,yyyy,,,,snow-surface-properties/plots/{objectId}_{varId}.json,plots/{objectId}_{varId}.json,0,1,"Rather than year, its waterYear which is used here",
v3.2,mod09ga,.hdf,MOD09GA.A{thisDate}.{objectName}.061.{timestampAndNrt},modis,input,mod09ga,{versionOfDataCollection},{objectName},{thisYear},,,,,1,1,20,1,1,1,,yyyyJD,yyyyJD,,mod09ga_name,,,,0,1,,
v3.2,mod09gasqueezed,.mat,MOD09GA.A{thisDate}.{objectName}.061.{timestampAndNrt},modis,input,mod09gasqueezed,{versionOfDataCollection},{objectName},{thisYear},,,,,1,1,11,1,1,1,,yyyyJD,yyyyJD,,name_unique,,,,0,1,,
v3.2,modisspiresdaily,.mat,spires_daily_{platform}_{objectName}_{thisDate}.{version},modis,intermediary,spires_daily_{version},{versionOfDataCollection},{objectName},{thisYear},,,,,1,1,20,1,1,1,thisDate,datetime,yyyyMMdd,,,,,,0,1,,
v3.2,modisspiresyeartmp,.mat,spires_year_tmp_{platform}_{objectName}_{thisIndex}_{varId}_{thisWaterYear}.{version},modis,intermediary,spires_year_tmp_{version},{versionOfDataCollection},{objectName},WY{thisWaterYear},{thisIndex_1M},{thisIndex_1000},{thisIndex},,1,1,21,5,1,1,,,,,,,,,0,1,Temporary file after interpolation by pixel to avoid multiprocess access to write the same file.,
v3.2,modisspirescube,.mat,spires_cube_{platform}_{objectName}_{thisDate}.{version},modis,intermediary,spires_cube_{version},{versionOfDataCollection},{objectName},{thisYear},,,,,1,1,30,2,1,1,theseDates,datetime,yyyyMM,,,,,,0,1,,
v3.2,modisspiresmat,.mat,spires_{platform}_{objectName}_{thisWaterYear}.{version},modis,intermediary,spires_mat_{version},{versionOfDataCollection},{objectName},,,,,,1,1,21,5,1,1,theseDates,datetime,yyyy,,name_unique,,,,0,1,,
v3.2,modisspiressmooth,.h5,spiressmooth_{objectName}_{thisWaterYear}.{version},modis,intermediary,spiressmooth_{version},{versionOfDataCollection},{objectName},,,,,/Grid/MODIS_GRID_500m/,1,1,30,5,1,1,ISOdates,yyyyJD,yyyy,/,spires_output_name,,,,0,1,JD: julian day number,
v3.2,modisspiressmoothbycell,.h5,spiressmooth_{objectName}_{thisWaterYear}_{rowStartId}_{rowEndId}_{columnStartId}_{columnEndId}.{version},modis,intermediary,spiressmooth_{version},{versionOfDataCollection},{objectName},,,,,/Grid/MODIS_GRID_500m/,1,1,30,5,6,6,ISOdates,yyyyJD,yyyy,/,name_unique,,,,0,1,JD: julian day number,
v3.2,mod09gaInDaac,.hdf,,,,,,,,,,,,,,20,1,1,1,,,,,,,,,0,2,,
v3.2,scagDrfsUnMaskedTifInDaac,.tif,,,,,,,,,,,,,,20,1,1,1,,,,,,,,,0,2,,
v3.2,mod09gaFromJPL,.hdf,MOD09GA.A{thisDate}.{objectName}.{versionNumberOfDataCollection}.{dateOfHistoric}.hdf,modis,mog09ga,{nearRealTime},{versionOfDataCollection},{objectName},{thisYear},,,,,1,1,20,1,1,1,,,yyyyJD,,,,,,0,1,JD: julian day number,
v3.2,modScagDatFromJPL,.dat,MOD09GA.A{thisDate}.{objectName}.{versionNumberOfDataCollection}.{dateOfHistoric}.{modis_source_name},modis,modscag,{nearRealTime},{versionOfDataCollection},{objectName},{thisYear},,,,,1,1,20,1,1,1,,,yyyyJD,,,,,,0,1,JD: julian day number,
v3.2,modDrfsDatFromJPL,.dat,MOD09GA.A{thisDate}.{objectName}.{versionNumberOfDataCollection}.{dateOfHistoric}.{modis_source_name},modis,moddrfs,{nearRealTime},{versionOfDataCollection},{objectName},{thisYear},,,,,1,1,20,1,1,1,,,yyyyJD,,,,,,0,1,JD: julian day number,
v3.2,MOD09Raw,.mat,RawMOD09_{platform}_{objectName}_{thisDate},modis,intermediary,mod09_raw_{version},{versionOfDataCollection},{objectName},{thisYear},,,,,1,1,30,2,1,1,umdays,datetime,yyyyMM,,raw_name,type,,,0,1,,
v3.2,SCAGDRFSRaw,.mat,RawSCAG_{platform}_{objectName}_{thisDate}.{version},modis,intermediary,scagdrfs_raw_{version},{versionOfDataCollection},{objectName},{thisYear},,,,,1,1,30,2,1,1,usdays,datetime,yyyyMM,,raw_name,type,,,0,1,,
v3.2,SCAGDRFSGap,.mat,GapSCAG_{platform}_{objectName}_{thisDate}.{version},modis,intermediary,scagdrfs_gap_{version},{versionOfDataCollection},{objectName},{thisYear},,,,,1,1,30,3,1,1,datevals,datenum,yyyyMM,,gap_name,type_in_STC,,,0,1,,
v3.2,SCAGDRFSSTC,.mat,InterpSCAG_{platform}_{objectName}_{thisDate}.{version},modis,intermediary,scagdrfs_stc_{version},{versionOfDataCollection},{objectName},{thisYear},,,,,1,1,30,2,1,1,datevals,datenum,yyyyMM,,name_unique,type_in_STC,,,0,1,,
v3.2,VariablesMatlab,.mat,{objectName}_{platform}_{thisDate}.{version},modis,variables,scagdrfs_mat_{version},{versionOfDataCollection},{objectName},{thisYear},,,,,1,1,20,1,1,1,dateval,datenum,yyyyMMdd,,name_unique,type,,,0,1,,
v3.2,daacnetcdfv20220,.nc,HMA2_MODSTC_{objectName}_{thisDate}_v01.0,modis_archive,hma2_modstc_{version},{objectName},{thisYear},,,,,,,1,1,20,1,1,1,dateval,daySinceStart,yyyyMMdd,,name_unique,type,,,0,1,,
v3.2,VariablesNetCDF,.nc,{objectName}_{platform}_{thisDate}.{version},modis,variables,scagdrfs_netcdf_{version},{versionOfDataCollection},{objectName},{thisYear},,,,,1,1,20,1,1,1,dateval,daySinceStart,yyyyMMdd,,name_unique,type,,,0,1,,
v3.2,VariablesGeotiff,.tif,{objectName}_{platform}_{thisDate}_{varName},modis,variables,scagdrfs_geotiff_{version},{versionOfDataCollection},{objectName},{EPSGCode},{geotiffCompression},{thisYear},{thisDate},,1,1,20,1,1,1,,,yyyyMMdd,,name_unique,type,snow-surface-properties/geotiffs/{objectId}_{varId}.tif,regions/cogs/{objectId}_{varId}.tif,0,1,,snow-surface-properties/geotiffs/{objectName}_{varId}
v3.2,VariablesGeotiffv20231,.tif,{objectName}_{platform}_{thisDate}_{varName},modis,variables,scagdrfs_geotiff_{version},{versionOfDataCollection},{objectName},{EPSGCode},{geotiffCompression},{thisYear},{thisDate},,1,1,20,1,1,1,,,yyyyMMdd,,name_unique,type,snow-surface-properties/tif/{objectName}_{platform}_{thisDate}_{varName}.tif,,0,1,Kept for compatibility with the v2023.1 web-app. To remove when v2024 website launched,
v3.2,SubdivisionStatsAggregCsv,.csv,{objectId}_{platform}.{version},modis,subdivisionstats,scagdrfs_aggregcsv_{version},{versionOfDataCollection},{objectName},,,,,,1,0,,5,1,1,,,,,,,,,0,1,,
v3.2,SubdivisionStatsDailyCsv,.csv,{objectId}_{platform}_{thisDate}_{monthWindow}.{version},modis,subdivisionstats,scagdrfs_dailycsv_{version},{versionOfDataCollection},{objectName},{thisYear},,,,,1,1,,5,1,1,,,yyyyMMdd,,,,,,0,1,"Rather than year, it's waterYear which is used here",
v3.2,SubdivisionStatsWebCsvv20231,.csv,SnowToday_{objectModCode}_{varName}_{thisDate}_yearToDate,modis,regional_stats,scagdrfs_csv_{version},{versionOfDataCollection},{objectName},WY{thisYear},,,,,1,1,,5,1,1,,,yyyy,,,,snow-surface-properties/plot_csv/SnowToday_{objectModCode}_{varName}_{thisDate}_yearToDate.csv,,0,1,"Rather than year, it's waterYear which is used here",
v3.2,SubdivisionStatsWebJson,.json,{objectId}_{platform}_{thisYear}_{varId}.{version},modis,subdivisionstats,scagdrfs_webjson_{version},{versionOfDataCollection},{objectName},{objectId},{thisYear},,,,1,1,,5,1,1,,,yyyy,,,,snow-surface-properties/plots/{objectId}_{varId}.json,plots/{objectId}_{varId}.json,0,1,"Rather than year, i's waterYear which is used here",
test,mod09ga,.hdf,MOD09GA.A{thisDate}.{objectName}.061.{timestampAndNrt},modis,input,mod09ga,{versionOfDataCollection},{objectName},{thisYear},,,,,1,1,20,1,1,1,,yyyyJD,yyyyJD,,mod09ga_name,,,,0,1,,
test,mod09gasqueezed,.mat,MOD09GA.A{thisDate}.{objectName}.061.{timestampAndNrt},modis,input,mod09gasqueezed,{versionOfDataCollection},{objectName},{thisYear},,,,,1,1,11,1,1,1,,yyyyJD,yyyyJD,,name_unique,,,,0,1,,
test,modisspiresdaily,.mat,spires_daily_{platform}_{objectName}_{thisDate}.{version},modis,intermediary,spires_daily_{version},{versionOfDataCollection},{objectName},{thisYear},,,,,1,1,20,1,1,1,thisDate,datetime,yyyyMMdd,,,,,,0,1,,
test,modisspiresyeartmp,.mat,spires_year_tmp_{platform}_{objectName}_{thisIndex}_{varId}_{thisWaterYear}.{version},modis,intermediary,spires_year_tmp_{version},{versionOfDataCollection},{objectName},WY{thisWaterYear},{thisIndex_1M},{thisIndex_1000},{thisIndex},,1,1,21,5,1,1,,,,,,,,,0,1,Temporary file after interpolation by pixel to avoid multiprocess access to write the same file.,
test,modisspirescube,.mat,spires_cube_{platform}_{objectName}_{thisDate}.{version},modis,intermediary,spires_cube_{version},{versionOfDataCollection},{objectName},{thisYear},,,,,1,1,30,2,1,1,theseDates,datetime,yyyyMM,,,,,,0,1,,
test,modisspiresmat,.mat,spires_{platform}_{objectName}_{thisWaterYear}.{version},modis,intermediary,spires_mat_{version},{versionOfDataCollection},{objectName},,,,,,1,1,21,5,1,1,theseDates,datetime,yyyy,,name_unique,,,,0,1,,
test,modisspiressmooth,.h5,spiressmooth_{objectName}_{thisWaterYear}.{version},modis,intermediary,spiressmooth_{version},{versionOfDataCollection},{objectName},,,,,/Grid/MODIS_GRID_500m/,1,1,30,5,1,1,ISOdates,yyyyJD,yyyy,/,spires_output_name,,,,0,1,JD: julian day number,
test,modisspiressmoothbycell,.h5,spiressmooth_{objectName}_{thisWaterYear}_{rowStartId}_{rowEndId}_{columnStartId}_{columnEndId}.{version},modis,intermediary,spiressmooth_{version},{versionOfDataCollection},{objectName},,,,,/Grid/MODIS_GRID_500m/,1,1,30,5,6,6,ISOdates,yyyyJD,yyyy,/,name_unique,,,,0,1,JD: julian day number,
test,mod09gaInDaac,.hdf,,,,,,,,,,,,,,20,1,1,1,,,,,,,,,0,2,,
test,scagDrfsUnMaskedTifInDaac,.tif,,,,,,,,,,,,,,20,1,1,1,,,,,,,,,0,2,,
test,mod09gaFromJPL,.hdf,MOD09GA.A{thisDate}.{objectName}.{versionNumberOfDataCollection}.{dateOfHistoric},modis,mog09ga,{nearRealTime},{versionOfDataCollection},{objectName},{thisYear},,,,,1,1,20,1,1,1,,,yyyyJD,,,,,,0,1,JD: julian day number,
test,modScagDatFromJPL,.dat,MOD09GA.A{thisDate}.{objectName}.{versionNumberOfDataCollection}.{dateOfHistoric}.{modis_source_name},modis,modscag,{nearRealTime},{versionOfDataCollection},{objectName},{thisYear},,,,,1,1,20,1,1,1,,,yyyyJD,,,,,,0,1,JD: julian day number,
test,modDrfsDatFromJPL,.dat,MOD09GA.A{thisDate}.{objectName}.{versionNumberOfDataCollection}.{dateOfHistoric}.{modis_source_name},modis,moddrfs,{nearRealTime},{versionOfDataCollection},{objectName},{thisYear},,,,,1,1,20,1,1,1,,,yyyyJD,,,,,,0,1,JD: julian day number,
test,MOD09Raw,.mat,RawMOD09_{platform}_{objectName}_{thisDate},modis,intermediary,mod09_raw_{version},{versionOfDataCollection},{objectName},{thisYear},,,,,1,1,30,2,1,1,umdays,datetime,yyyyMM,,raw_name,type,,,0,1,,
test,SCAGDRFSRaw,.mat,RawSCAG_{platform}_{objectName}_{thisDate}.{version},modis,intermediary,scagdrfs_raw_{version},{versionOfDataCollection},{objectName},{thisYear},,,,,1,1,30,2,1,1,usdays,datetime,yyyyMM,,raw_name,type,,,0,1,,
test,SCAGDRFSGap,.mat,GapSCAG_{platform}_{objectName}_{thisDate}.{version},modis,intermediary,scagdrfs_gap_{version},{versionOfDataCollection},{objectName},{thisYear},,,,,1,1,30,3,1,1,datevals,datenum,yyyyMM,,gap_name,type_in_STC,,,0,1,,
test,SCAGDRFSSTC,.mat,InterpSCAG_{platform}_{objectName}_{thisDate}.{version},modis,intermediary,scagdrfs_stc_{version},{versionOfDataCollection},{objectName},{thisYear},,,,,1,1,30,2,1,1,datevals,datenum,yyyyMM,,name_unique,type_in_STC,,,0,1,,
test,VariablesMatlab,.mat,{objectName}_{platform}_{thisDate}.{version},modis,variables,scagdrfs_mat_{version},{versionOfDataCollection},{objectName},{thisYear},,,,,1,1,20,1,1,1,dateval,datenum,yyyyMMdd,,name_unique,type,,,0,1,,
test,daacnetcdfv20220,.nc,HMA2_MODSTC_{objectName}_{thisDate}_v01.0,modis_archive,hma2_modstc_{version},{objectName},{thisYear},,,,,,,1,1,20,1,1,1,dateval,daySinceStart,yyyyMMdd,,name_unique,type,,,0,1,,
test,VariablesNetCDF,.nc,{objectName}_{platform}_{thisDate}.{version},modis,variables,scagdrfs_netcdf_{version},{versionOfDataCollection},{objectName},{thisYear},,,,,1,1,20,1,1,1,dateval,daySinceStart,yyyyMMdd,,name_unique,type,,,0,1,,
test,VariablesGeotiff,.tif,{objectName}_{platform}_{thisDate}_{varName},modis,variables,scagdrfs_geotiff_{version},{versionOfDataCollection},{objectName},{EPSGCode},{geotiffCompression},{thisYear},{thisDate},,1,1,20,1,1,1,,,yyyyMMdd,,name_unique,type,snow-surface-properties/geotiffs/{objectId}_{varId}.tif,regions/cogs/{objectId}_{varId}.tif,0,1,,snow-surface-properties/geotiffs/{objectName}_{varId}
test,VariablesGeotiffv20231,.tif,{objectName}_{platform}_{thisDate}_{varName},modis,variables,scagdrfs_geotiff_{version},{versionOfDataCollection},{objectName},{EPSGCode},{geotiffCompression},{thisYear},{thisDate},,1,1,20,1,1,1,,,yyyyMMdd,,name_unique,type,snow-surface-properties/tif/{objectName}_{platform}_{thisDate}_{varName}.tif,,0,1,Kept for compatibility with the v2023.1 web-app. To remove when v2024 website launched,
test,SubdivisionStatsAggregCsv,.csv,{objectId}_{platform}.{version},modis,subdivisionstats,scagdrfs_aggregcsv_{version},{versionOfDataCollection},{objectName},,,,,,1,0,,5,1,1,,,,,,,,,0,1,,
test,SubdivisionStatsDailyCsv,.csv,{objectId}_{platform}_{thisDate}_{monthWindow}.{version},modis,subdivisionstats,scagdrfs_dailycsv_{version},{versionOfDataCollection},{objectName},{thisYear},,,,,1,1,,5,1,1,,,yyyyMMdd,,,,,,0,1,"Rather than year, it's waterYear which is used here",
test,SubdivisionStatsWebCsvv20231,.csv,SnowToday_{objectModCode}_{varName}_{thisDate}_yearToDate,modis,regional_stats,scagdrfs_csv_{version},{versionOfDataCollection},{objectName},WY{thisYear},,,,,1,1,,5,1,1,,,yyyy,,,,snow-surface-properties/plot_csv/SnowToday_{objectModCode}_{varName}_{thisDate}_yearToDate.csv,,0,1,"Rather than year, it's waterYear which is used here",
test,SubdivisionStatsWebJson,.json,{objectId}_{platform}_{thisYear}_{varId}.{version},modis,subdivisionstats,scagdrfs_webjson_{version},{versionOfDataCollection},{objectName},{objectId},{thisYear},,,,1,1,,5,1,1,,,yyyy,,,,snow-surface-properties/plots/{objectId}_{varId}.json,plots/{objectId}_{varId}.json,0,1,"Rather than year, it's waterYear which is used here",
,,,,,,,,,,,,,,,,,,,,,,,,,,,,,,,
,,"NB: a duplicate/simplified version of this configuration file exists here scripts/toolsDataLabels.sh. When modifying the configuration_of_filepaths.csv, dont forget to update the .sh script too.",,,,,,,,,,,,,,,,,,,,,,,,,,,,,
