regionName,varId,writeGeotiffs,writeStats,isDefault,output_name,comment
"big region name, related to configuration_of_regions.csv and field sourceRegionName into configuration_of_subdivisions.csv. Beware, may be different from subdivision name.
WesternUS: 0, USAlaska: 1. EURAlps: 3, ASHimalaya: 2, AMAndes: 4",id found in configuration_of_variables.csv,"1: a geotiff is generated for the variable in Step3 (regions.runWriteGeotiffs()). 0: no geotiff generated.
NB: viewable_snow_fraction should be set to 1 if theres another variable available for the sensor/algorithm because it is used as a filter, even if not displayed on the website","1: the variable is integrated in statistic calculation. 0: the variable is not integrated. NB: if you edit this, dont forget to edit configuration_of_filepaths.csv and adding rows corresponding to variables",indicated which variable is displayed by default in the website (implies the default selected sensor and the default selected varname),"variable name, used only for information.",0
westernUS,48,0,0,0,albedo_clean_mu0,
westernUS,49,0,0,0,albedo_observed_mu0,
westernUS,50,0,0,0,albedo_clean_muZ,
westernUS,51,1,1,0,albedo_observed_muZ,
westernUS,43,0,0,0,deltavis,
westernUS,41,0,0,0,grain_size,
westernUS,42,0,0,0,drfs_grnsz,
westernUS,44,1,1,0,radiative_forcing,
westernUS,13,0,0,0,solar_azimuth,
westernUS,14,0,0,0,solar_zenith,
westernUS,45,1,1,0,snow_cover_days,
westernUS,40,1,1,1,snow_fraction,
westernUS,36,1,0,0,viewable_snow_fraction,
westernUS,38,0,0,0,vegetation_fraction,
westernUS,37,0,0,0,rock_fraction,
westernUS,39,0,0,0,other_fraction,
westernUS,46,0,0,0,viewable_snow_fraction_status,
westernUS,47,0,0,0,days_without_observation,
westernUS,57,1,1,0,not_processed,
USAlaska,48,0,0,0,albedo_clean_mu0,
USAlaska,49,0,0,0,albedo_observed_mu0,
USAlaska,50,0,0,0,albedo_clean_muZ,
USAlaska,51,1,1,0,albedo_observed_muZ,
USAlaska,43,0,0,0,deltavis,
USAlaska,41,0,0,0,grain_size,
USAlaska,42,0,0,0,drfs_grnsz,
USAlaska,44,1,1,0,radiative_forcing,
USAlaska,13,0,0,0,solar_azimuth,
USAlaska,14,0,0,0,solar_zenith,
USAlaska,45,1,1,0,snow_cover_days,
USAlaska,40,1,1,1,snow_fraction,
USAlaska,36,1,0,0,viewable_snow_fraction,
USAlaska,38,0,0,0,vegetation_fraction,
USAlaska,37,0,0,0,rock_fraction,
USAlaska,39,0,0,0,other_fraction,
USAlaska,46,0,0,0,viewable_snow_fraction_status,
USAlaska,47,0,0,0,days_without_observation,
USAlaska,57,1,1,0,not_processed,
ASHimalaya,48,0,0,0,albedo_clean_mu0,
ASHimalaya,49,0,0,0,albedo_observed_mu0,
ASHimalaya,50,0,0,0,albedo_clean_muZ,
ASHimalaya,51,1,1,0,albedo_observed_muZ,
ASHimalaya,43,0,0,0,deltavis,
ASHimalaya,41,0,0,0,grain_size,
ASHimalaya,42,0,0,0,drfs_grnsz,
ASHimalaya,44,1,1,0,radiative_forcing,
ASHimalaya,13,0,0,0,solar_azimuth,
ASHimalaya,14,0,0,0,solar_zenith,
ASHimalaya,45,1,1,0,snow_cover_days,
ASHimalaya,40,1,1,1,snow_fraction,
ASHimalaya,36,1,0,0,viewable_snow_fraction,
ASHimalaya,38,0,0,0,vegetation_fraction,
ASHimalaya,37,0,0,0,rock_fraction,
ASHimalaya,39,0,0,0,other_fraction,
ASHimalaya,46,0,0,0,viewable_snow_fraction_status,
ASHimalaya,47,0,0,0,days_without_observation,
ASHimalaya,57,1,1,0,not_processed,
AMAndes,48,0,0,0,albedo_clean_mu0,
AMAndes,49,0,0,0,albedo_observed_mu0,
AMAndes,50,0,0,0,albedo_clean_muZ,
AMAndes,51,1,1,0,albedo_observed_muZ,
AMAndes,43,0,0,0,deltavis,
AMAndes,41,0,0,0,grain_size,
AMAndes,42,0,0,0,drfs_grnsz,
AMAndes,44,1,1,0,radiative_forcing,
AMAndes,13,0,0,0,solar_azimuth,
AMAndes,14,0,0,0,solar_zenith,
AMAndes,45,1,1,0,snow_cover_days,
AMAndes,40,1,1,1,snow_fraction,
AMAndes,36,1,0,0,viewable_snow_fraction,
AMAndes,38,0,0,0,vegetation_fraction,
AMAndes,37,0,0,0,rock_fraction,
AMAndes,39,0,0,0,other_fraction,
AMAndes,46,0,0,0,viewable_snow_fraction_status,
AMAndes,47,0,0,0,days_without_observation,
AMAndes,57,1,1,0,not_processed,
westernUS,52,1,1,0,viewable_snow_fraction_s,
westernUS,53,0,0,0,shade_fraction_s,
westernUS,54,0,0,0,grain_size_s,
westernUS,55,0,0,0,dust_concentration_s,
westernUS,56,1,1,0,snow_fraction_s,
westernUS,58,1,1,0,not_processed_s,
mockRegion,48,0,0,0,albedo_clean_mu0,
mockRegion,49,0,0,0,albedo_observed_mu0,
mockRegion,50,0,0,0,albedo_clean_muZ,
mockRegion,51,1,1,0,albedo_observed_muZ,
mockRegion,43,0,0,0,deltavis,
mockRegion,41,0,0,0,grain_size,
mockRegion,42,0,0,0,drfs_grnsz,
mockRegion,44,1,1,0,radiative_forcing,
mockRegion,13,0,0,0,solar_azimuth,
mockRegion,14,0,0,0,solar_zenith,
mockRegion,45,1,1,0,snow_cover_days,
mockRegion,40,1,1,1,snow_fraction,
mockRegion,36,1,0,0,viewable_snow_fraction,
mockRegion,38,0,0,0,vegetation_fraction,
mockRegion,37,0,0,0,rock_fraction,
mockRegion,39,0,0,0,other_fraction,
mockRegion,46,0,0,0,viewable_snow_fraction_status,
mockRegion,47,0,0,0,days_without_observation,
mockRegion,57,1,1,0,not_processed,
mockRegion,52,1,1,0,viewable_snow_fraction_s,
mockRegion,53,0,0,0,shade_fraction_s,
mockRegion,54,0,0,0,grain_size_s,
mockRegion,55,0,0,0,dust_concentration_s,
mockRegion,56,1,1,0,snow_fraction_s,
mockRegion,58,1,1,0,not_processed_s,
